id	x	y	batch	color
0,0	0	0	1	#625F95
100,100	100	100	1	#625F95
100.5,100.5,Laboresit.	100.5	100.5	Laboresit.	#2D063A
100.5,100.5,Quaeratetincidunt.	100.5	100.5	Quaeratetincidunt.	#625F95
100.5,100.5,Eiuslaboremagnam.	100.5	100.5	Eiuslaboremagnam.	#029946
100.5,100.5,Quiquiavelitdolor.	100.5	100.5	Quiquiavelitdolor.	#3EBE50
100.5,100.5,Consectetureius.	100.5	100.5	Consectetureius.	#35A48E
100.5,100.5,Adipisciquisquam.	100.5	100.5	Adipisciquisquam.	#DF87C2
100.5,100.5,Aliquamaliquamtempora.	100.5	100.5	Aliquamaliquamtempora.	#FA8C78
100.5,100.5,Consecteturamet.	100.5	100.5	Consecteturamet.	#2458CA
100.5,100.5,Sedut.	100.5	100.5	Sedut.	#5F1058
100.5,100.5,Laborenumquamut.	100.5	100.5	Laborenumquamut.	#F6D8CA
100.5,100.5,Laborenon.	100.5	100.5	Laborenon.	#769CFD
100.5,100.5,Quaeratipsumconsectetur.	100.5	100.5	Quaeratipsumconsectetur.	#12816C
100.5,100.5,Etincidunteius.	100.5	100.5	Etincidunteius.	#CD9176
100.5,100.5,Porrodolorlabore.	100.5	100.5	Porrodolorlabore.	#E070A5
100.5,100.5,Numquamamet.	100.5	100.5	Numquamamet.	#5D15A7
100.5,100.5,Porromagnamdolor.	100.5	100.5	Porromagnamdolor.	#82FA21
100.5,100.5,Laboreporro.	100.5	100.5	Laboreporro.	#44FAC9
100.5,100.5,Aliquamadipiscietincidunt.	100.5	100.5	Aliquamadipiscietincidunt.	#96A056
100.5,100.5,Quaeratadipiscilabore.	100.5	100.5	Quaeratadipiscilabore.	#23061F
100.5,100.5,Temporamodi.	100.5	100.5	Temporamodi.	#1F495B
-504.1, 161.2, 0	-504.1	161.2	Laboresit.	#2D063A
-491.3, 187.4, 0	-491.3	187.4	Laboresit.	#2D063A
-474.1, 169.1, 0	-474.1	169.1	Laboresit.	#2D063A
-480.6, 208.6, 0	-480.6	208.6	Laboresit.	#2D063A
-481.0, 213.9, 0	-481.0	213.9	Laboresit.	#2D063A
-446.7, 205.0, 0	-446.7	205.0	Laboresit.	#2D063A
-552.7, 182.8, 0	-552.7	182.8	Laboresit.	#2D063A
-513.5, 255.5, 0	-513.5	255.5	Laboresit.	#2D063A
-472.3, 176.9, 0	-472.3	176.9	Laboresit.	#2D063A
-508.7, 137.6, 0	-508.7	137.6	Laboresit.	#2D063A
-484.4, 161.2, 0	-484.4	161.2	Laboresit.	#2D063A
-544.8, 242.3, 0	-544.8	242.3	Laboresit.	#2D063A
-431.8, 178.3, 0	-431.8	178.3	Laboresit.	#2D063A
-507.1, 207.2, 0	-507.1	207.2	Laboresit.	#2D063A
-492.4, 209.7, 0	-492.4	209.7	Laboresit.	#2D063A
-505.2, 226.3, 0	-505.2	226.3	Laboresit.	#2D063A
-473.4, 223.0, 0	-473.4	223.0	Laboresit.	#2D063A
-497.6, 200.3, 0	-497.6	200.3	Laboresit.	#2D063A
-520.6, 226.8, 0	-520.6	226.8	Laboresit.	#2D063A
-477.6, 150.2, 0	-477.6	150.2	Laboresit.	#2D063A
-495.0, 185.1, 0	-495.0	185.1	Laboresit.	#2D063A
-569.1, 264.0, 0	-569.1	264.0	Laboresit.	#2D063A
-449.5, 221.4, 0	-449.5	221.4	Laboresit.	#2D063A
-490.1, 213.8, 0	-490.1	213.8	Laboresit.	#2D063A
-498.9, 175.5, 0	-498.9	175.5	Laboresit.	#2D063A
-467.7, 200.7, 0	-467.7	200.7	Laboresit.	#2D063A
-499.4, 201.0, 0	-499.4	201.0	Laboresit.	#2D063A
-524.0, 173.4, 0	-524.0	173.4	Laboresit.	#2D063A
-505.7, 173.3, 0	-505.7	173.3	Laboresit.	#2D063A
-454.7, 199.7, 0	-454.7	199.7	Laboresit.	#2D063A
-489.1, 252.9, 0	-489.1	252.9	Laboresit.	#2D063A
-502.8, 203.4, 0	-502.8	203.4	Laboresit.	#2D063A
-463.4, 275.2, 0	-463.4	275.2	Laboresit.	#2D063A
-515.4, 192.8, 0	-515.4	192.8	Laboresit.	#2D063A
-430.0, 170.4, 0	-430.0	170.4	Laboresit.	#2D063A
-464.6, 214.1, 0	-464.6	214.1	Laboresit.	#2D063A
-458.6, 230.7, 0	-458.6	230.7	Laboresit.	#2D063A
-519.5, 243.3, 0	-519.5	243.3	Laboresit.	#2D063A
-478.3, 232.0, 0	-478.3	232.0	Laboresit.	#2D063A
-501.1, 231.0, 0	-501.1	231.0	Laboresit.	#2D063A
135.0, -429.2, 1	135.0	-429.2	Quaeratetincidunt.	#625F95
66.6, -414.7, 1	66.6	-414.7	Quaeratetincidunt.	#625F95
83.2, -402.7, 1	83.2	-402.7	Quaeratetincidunt.	#625F95
126.1, -412.6, 1	126.1	-412.6	Quaeratetincidunt.	#625F95
119.6, -422.1, 1	119.6	-422.1	Quaeratetincidunt.	#625F95
104.2, -397.3, 1	104.2	-397.3	Quaeratetincidunt.	#625F95
70.7, -426.7, 1	70.7	-426.7	Quaeratetincidunt.	#625F95
129.1, -422.4, 1	129.1	-422.4	Quaeratetincidunt.	#625F95
86.2, -408.5, 1	86.2	-408.5	Quaeratetincidunt.	#625F95
98.1, -421.5, 1	98.1	-421.5	Quaeratetincidunt.	#625F95
108.9, -409.6, 1	108.9	-409.6	Quaeratetincidunt.	#625F95
67.2, -467.3, 1	67.2	-467.3	Quaeratetincidunt.	#625F95
25.8, -424.7, 1	25.8	-424.7	Quaeratetincidunt.	#625F95
94.8, -411.8, 1	94.8	-411.8	Quaeratetincidunt.	#625F95
98.5, -386.5, 1	98.5	-386.5	Quaeratetincidunt.	#625F95
35.8, -417.1, 1	35.8	-417.1	Quaeratetincidunt.	#625F95
118.1, -380.3, 1	118.1	-380.3	Quaeratetincidunt.	#625F95
59.5, -413.3, 1	59.5	-413.3	Quaeratetincidunt.	#625F95
95.8, -396.8, 1	95.8	-396.8	Quaeratetincidunt.	#625F95
88.7, -391.6, 1	88.7	-391.6	Quaeratetincidunt.	#625F95
61.5, -422.3, 1	61.5	-422.3	Quaeratetincidunt.	#625F95
63.5, -439.6, 1	63.5	-439.6	Quaeratetincidunt.	#625F95
72.4, -430.7, 1	72.4	-430.7	Quaeratetincidunt.	#625F95
72.8, -447.0, 1	72.8	-447.0	Quaeratetincidunt.	#625F95
106.8, -383.8, 1	106.8	-383.8	Quaeratetincidunt.	#625F95
82.1, -471.5, 1	82.1	-471.5	Quaeratetincidunt.	#625F95
90.7, -378.7, 1	90.7	-378.7	Quaeratetincidunt.	#625F95
114.3, -418.1, 1	114.3	-418.1	Quaeratetincidunt.	#625F95
99.3, -401.2, 1	99.3	-401.2	Quaeratetincidunt.	#625F95
70.6, -452.6, 1	70.6	-452.6	Quaeratetincidunt.	#625F95
58.8, -438.9, 1	58.8	-438.9	Quaeratetincidunt.	#625F95
94.8, -413.9, 1	94.8	-413.9	Quaeratetincidunt.	#625F95
100.0, -426.8, 1	100.0	-426.8	Quaeratetincidunt.	#625F95
107.3, -426.4, 1	107.3	-426.4	Quaeratetincidunt.	#625F95
137.7, -390.7, 1	137.7	-390.7	Quaeratetincidunt.	#625F95
131.3, -384.8, 1	131.3	-384.8	Quaeratetincidunt.	#625F95
52.9, -373.0, 1	52.9	-373.0	Quaeratetincidunt.	#625F95
-90.6, -150.6, 2	-90.6	-150.6	Eiuslaboremagnam.	#029946
-121.1, -182.6, 2	-121.1	-182.6	Eiuslaboremagnam.	#029946
-76.0, -140.8, 2	-76.0	-140.8	Eiuslaboremagnam.	#029946
-90.3, -124.8, 2	-90.3	-124.8	Eiuslaboremagnam.	#029946
-103.8, -144.9, 2	-103.8	-144.9	Eiuslaboremagnam.	#029946
-109.0, -149.0, 2	-109.0	-149.0	Eiuslaboremagnam.	#029946
-82.7, -167.0, 2	-82.7	-167.0	Eiuslaboremagnam.	#029946
-77.1, -127.9, 2	-77.1	-127.9	Eiuslaboremagnam.	#029946
-107.1, -171.9, 2	-107.1	-171.9	Eiuslaboremagnam.	#029946
-98.4, -177.5, 2	-98.4	-177.5	Eiuslaboremagnam.	#029946
-87.2, -150.2, 2	-87.2	-150.2	Eiuslaboremagnam.	#029946
-139.5, -155.4, 2	-139.5	-155.4	Eiuslaboremagnam.	#029946
-130.1, -99.9, 2	-130.1	-99.9	Eiuslaboremagnam.	#029946
-110.4, -155.3, 2	-110.4	-155.3	Eiuslaboremagnam.	#029946
-118.9, -174.2, 2	-118.9	-174.2	Eiuslaboremagnam.	#029946
-126.0, -132.8, 2	-126.0	-132.8	Eiuslaboremagnam.	#029946
-148.1, -139.3, 2	-148.1	-139.3	Eiuslaboremagnam.	#029946
-97.4, -116.2, 2	-97.4	-116.2	Eiuslaboremagnam.	#029946
-96.3, -166.0, 2	-96.3	-166.0	Eiuslaboremagnam.	#029946
-103.4, -184.4, 2	-103.4	-184.4	Eiuslaboremagnam.	#029946
-92.5, -158.1, 2	-92.5	-158.1	Eiuslaboremagnam.	#029946
-130.0, -164.1, 2	-130.0	-164.1	Eiuslaboremagnam.	#029946
-120.2, -180.2, 2	-120.2	-180.2	Eiuslaboremagnam.	#029946
-109.9, -161.8, 2	-109.9	-161.8	Eiuslaboremagnam.	#029946
248.3, -404.7, 3	248.3	-404.7	Quiquiavelitdolor.	#3EBE50
268.3, -414.1, 3	268.3	-414.1	Quiquiavelitdolor.	#3EBE50
313.1, -404.5, 3	313.1	-404.5	Quiquiavelitdolor.	#3EBE50
301.4, -389.8, 3	301.4	-389.8	Quiquiavelitdolor.	#3EBE50
308.9, -375.2, 3	308.9	-375.2	Quiquiavelitdolor.	#3EBE50
327.2, -344.8, 3	327.2	-344.8	Quiquiavelitdolor.	#3EBE50
236.8, -365.9, 3	236.8	-365.9	Quiquiavelitdolor.	#3EBE50
278.9, -389.2, 3	278.9	-389.2	Quiquiavelitdolor.	#3EBE50
273.4, -403.6, 3	273.4	-403.6	Quiquiavelitdolor.	#3EBE50
259.6, -406.4, 3	259.6	-406.4	Quiquiavelitdolor.	#3EBE50
300.6, -374.8, 3	300.6	-374.8	Quiquiavelitdolor.	#3EBE50
270.5, -361.4, 3	270.5	-361.4	Quiquiavelitdolor.	#3EBE50
275.0, -378.5, 3	275.0	-378.5	Quiquiavelitdolor.	#3EBE50
259.2, -446.1, 3	259.2	-446.1	Quiquiavelitdolor.	#3EBE50
288.7, -434.8, 3	288.7	-434.8	Quiquiavelitdolor.	#3EBE50
276.1, -414.0, 3	276.1	-414.0	Quiquiavelitdolor.	#3EBE50
212.6, -378.6, 3	212.6	-378.6	Quiquiavelitdolor.	#3EBE50
218.8, -408.8, 3	218.8	-408.8	Quiquiavelitdolor.	#3EBE50
277.8, -407.2, 3	277.8	-407.2	Quiquiavelitdolor.	#3EBE50
262.2, -379.4, 3	262.2	-379.4	Quiquiavelitdolor.	#3EBE50
250.4, -404.1, 3	250.4	-404.1	Quiquiavelitdolor.	#3EBE50
314.2, -401.3, 3	314.2	-401.3	Quiquiavelitdolor.	#3EBE50
311.7, -378.6, 3	311.7	-378.6	Quiquiavelitdolor.	#3EBE50
266.0, -380.7, 3	266.0	-380.7	Quiquiavelitdolor.	#3EBE50
273.4, -379.8, 3	273.4	-379.8	Quiquiavelitdolor.	#3EBE50
281.6, -390.8, 3	281.6	-390.8	Quiquiavelitdolor.	#3EBE50
274.5, -381.2, 3	274.5	-381.2	Quiquiavelitdolor.	#3EBE50
263.8, -341.3, 3	263.8	-341.3	Quiquiavelitdolor.	#3EBE50
249.3, -335.7, 3	249.3	-335.7	Quiquiavelitdolor.	#3EBE50
267.3, -358.9, 3	267.3	-358.9	Quiquiavelitdolor.	#3EBE50
244.1, -399.8, 3	244.1	-399.8	Quiquiavelitdolor.	#3EBE50
290.2, -409.1, 3	290.2	-409.1	Quiquiavelitdolor.	#3EBE50
272.9, -390.9, 3	272.9	-390.9	Quiquiavelitdolor.	#3EBE50
267.5, -399.1, 3	267.5	-399.1	Quiquiavelitdolor.	#3EBE50
268.5, -372.3, 3	268.5	-372.3	Quiquiavelitdolor.	#3EBE50
273.5, -408.1, 3	273.5	-408.1	Quiquiavelitdolor.	#3EBE50
236.3, -374.1, 3	236.3	-374.1	Quiquiavelitdolor.	#3EBE50
282.9, -401.1, 3	282.9	-401.1	Quiquiavelitdolor.	#3EBE50
-440.4, -210.4, 4	-440.4	-210.4	Consectetureius.	#35A48E
-450.1, -222.5, 4	-450.1	-222.5	Consectetureius.	#35A48E
-454.4, -255.2, 4	-454.4	-255.2	Consectetureius.	#35A48E
-434.6, -254.2, 4	-434.6	-254.2	Consectetureius.	#35A48E
-441.4, -255.0, 4	-441.4	-255.0	Consectetureius.	#35A48E
-420.8, -198.7, 4	-420.8	-198.7	Consectetureius.	#35A48E
-417.2, -223.8, 4	-417.2	-223.8	Consectetureius.	#35A48E
-416.6, -198.7, 4	-416.6	-198.7	Consectetureius.	#35A48E
-455.8, -156.6, 4	-455.8	-156.6	Consectetureius.	#35A48E
-435.4, -251.9, 4	-435.4	-251.9	Consectetureius.	#35A48E
-393.1, -251.2, 4	-393.1	-251.2	Consectetureius.	#35A48E
-434.0, -237.9, 4	-434.0	-237.9	Consectetureius.	#35A48E
-448.9, -206.6, 4	-448.9	-206.6	Consectetureius.	#35A48E
-413.0, -178.7, 4	-413.0	-178.7	Consectetureius.	#35A48E
-440.5, -190.1, 4	-440.5	-190.1	Consectetureius.	#35A48E
-457.3, -258.9, 4	-457.3	-258.9	Consectetureius.	#35A48E
-425.5, -195.6, 4	-425.5	-195.6	Consectetureius.	#35A48E
-423.9, -187.3, 4	-423.9	-187.3	Consectetureius.	#35A48E
-438.0, -178.8, 4	-438.0	-178.8	Consectetureius.	#35A48E
-400.5, -267.6, 4	-400.5	-267.6	Consectetureius.	#35A48E
-456.3, -204.5, 4	-456.3	-204.5	Consectetureius.	#35A48E
-447.4, -309.0, 4	-447.4	-309.0	Consectetureius.	#35A48E
-458.6, -213.3, 4	-458.6	-213.3	Consectetureius.	#35A48E
-428.2, -197.9, 4	-428.2	-197.9	Consectetureius.	#35A48E
-435.0, -245.8, 4	-435.0	-245.8	Consectetureius.	#35A48E
-394.4, -193.2, 4	-394.4	-193.2	Consectetureius.	#35A48E
-400.5, -206.1, 4	-400.5	-206.1	Consectetureius.	#35A48E
-396.8, -186.6, 4	-396.8	-186.6	Consectetureius.	#35A48E
-460.7, -212.5, 4	-460.7	-212.5	Consectetureius.	#35A48E
-434.8, -190.0, 4	-434.8	-190.0	Consectetureius.	#35A48E
-439.0, -256.9, 4	-439.0	-256.9	Consectetureius.	#35A48E
-429.1, -246.9, 4	-429.1	-246.9	Consectetureius.	#35A48E
-483.3, -169.6, 4	-483.3	-169.6	Consectetureius.	#35A48E
-440.3, -220.8, 4	-440.3	-220.8	Consectetureius.	#35A48E
-424.8, -258.2, 4	-424.8	-258.2	Consectetureius.	#35A48E
-441.5, -208.8, 4	-441.5	-208.8	Consectetureius.	#35A48E
-419.7, -193.7, 4	-419.7	-193.7	Consectetureius.	#35A48E
-467.7, -186.1, 4	-467.7	-186.1	Consectetureius.	#35A48E
-385.5, -223.1, 4	-385.5	-223.1	Consectetureius.	#35A48E
-320.8, 158.9, 5	-320.8	158.9	Adipisciquisquam.	#DF87C2
-353.8, 190.6, 5	-353.8	190.6	Adipisciquisquam.	#DF87C2
-373.0, 239.4, 5	-373.0	239.4	Adipisciquisquam.	#DF87C2
-293.6, 222.0, 5	-293.6	222.0	Adipisciquisquam.	#DF87C2
-291.9, 218.4, 5	-291.9	218.4	Adipisciquisquam.	#DF87C2
-349.8, 185.6, 5	-349.8	185.6	Adipisciquisquam.	#DF87C2
-325.5, 197.5, 5	-325.5	197.5	Adipisciquisquam.	#DF87C2
-333.4, 203.9, 5	-333.4	203.9	Adipisciquisquam.	#DF87C2
-344.1, 173.9, 5	-344.1	173.9	Adipisciquisquam.	#DF87C2
-330.4, 175.3, 5	-330.4	175.3	Adipisciquisquam.	#DF87C2
-331.4, 202.8, 5	-331.4	202.8	Adipisciquisquam.	#DF87C2
-307.6, 184.6, 5	-307.6	184.6	Adipisciquisquam.	#DF87C2
-360.6, 181.9, 5	-360.6	181.9	Adipisciquisquam.	#DF87C2
-382.9, 218.0, 5	-382.9	218.0	Adipisciquisquam.	#DF87C2
-356.6, 167.9, 5	-356.6	167.9	Adipisciquisquam.	#DF87C2
-338.7, 201.5, 5	-338.7	201.5	Adipisciquisquam.	#DF87C2
-357.3, 171.3, 5	-357.3	171.3	Adipisciquisquam.	#DF87C2
-368.0, 168.7, 5	-368.0	168.7	Adipisciquisquam.	#DF87C2
-337.4, 218.4, 5	-337.4	218.4	Adipisciquisquam.	#DF87C2
-365.5, 149.1, 5	-365.5	149.1	Adipisciquisquam.	#DF87C2
-332.5, 201.1, 5	-332.5	201.1	Adipisciquisquam.	#DF87C2
-349.5, 201.9, 5	-349.5	201.9	Adipisciquisquam.	#DF87C2
-349.1, 196.1, 5	-349.1	196.1	Adipisciquisquam.	#DF87C2
-358.4, 150.0, 5	-358.4	150.0	Adipisciquisquam.	#DF87C2
-370.8, 141.5, 5	-370.8	141.5	Adipisciquisquam.	#DF87C2
-315.5, 203.2, 5	-315.5	203.2	Adipisciquisquam.	#DF87C2
-353.0, 198.6, 5	-353.0	198.6	Adipisciquisquam.	#DF87C2
-351.9, 181.1, 5	-351.9	181.1	Adipisciquisquam.	#DF87C2
-350.2, 174.0, 5	-350.2	174.0	Adipisciquisquam.	#DF87C2
-329.3, 153.3, 5	-329.3	153.3	Adipisciquisquam.	#DF87C2
-377.8, 225.5, 5	-377.8	225.5	Adipisciquisquam.	#DF87C2
-356.3, 216.4, 5	-356.3	216.4	Adipisciquisquam.	#DF87C2
-352.5, 167.8, 5	-352.5	167.8	Adipisciquisquam.	#DF87C2
-352.9, 165.1, 5	-352.9	165.1	Adipisciquisquam.	#DF87C2
-345.0, 212.3, 5	-345.0	212.3	Adipisciquisquam.	#DF87C2
-367.9, 200.2, 5	-367.9	200.2	Adipisciquisquam.	#DF87C2
-369.8, 185.0, 5	-369.8	185.0	Adipisciquisquam.	#DF87C2
-381.0, 194.6, 5	-381.0	194.6	Adipisciquisquam.	#DF87C2
-300.8, 171.3, 5	-300.8	171.3	Adipisciquisquam.	#DF87C2
-355.6, 153.4, 5	-355.6	153.4	Adipisciquisquam.	#DF87C2
-345.7, 154.5, 5	-345.7	154.5	Adipisciquisquam.	#DF87C2
-364.4, 140.0, 5	-364.4	140.0	Adipisciquisquam.	#DF87C2
-350.0, 222.7, 5	-350.0	222.7	Adipisciquisquam.	#DF87C2
460.6, 137.4, 6	460.6	137.4	Aliquamaliquamtempora.	#FA8C78
447.1, 165.4, 6	447.1	165.4	Aliquamaliquamtempora.	#FA8C78
387.2, 81.0, 6	387.2	81.0	Aliquamaliquamtempora.	#FA8C78
432.1, 117.3, 6	432.1	117.3	Aliquamaliquamtempora.	#FA8C78
421.2, 115.1, 6	421.2	115.1	Aliquamaliquamtempora.	#FA8C78
396.9, 72.3, 6	396.9	72.3	Aliquamaliquamtempora.	#FA8C78
416.3, 150.8, 6	416.3	150.8	Aliquamaliquamtempora.	#FA8C78
423.3, 129.3, 6	423.3	129.3	Aliquamaliquamtempora.	#FA8C78
428.6, 82.6, 6	428.6	82.6	Aliquamaliquamtempora.	#FA8C78
438.2, 118.9, 6	438.2	118.9	Aliquamaliquamtempora.	#FA8C78
417.5, 161.4, 6	417.5	161.4	Aliquamaliquamtempora.	#FA8C78
417.7, 149.2, 6	417.7	149.2	Aliquamaliquamtempora.	#FA8C78
424.2, 126.7, 6	424.2	126.7	Aliquamaliquamtempora.	#FA8C78
434.9, 126.6, 6	434.9	126.6	Aliquamaliquamtempora.	#FA8C78
452.5, 80.5, 6	452.5	80.5	Aliquamaliquamtempora.	#FA8C78
419.5, 146.1, 6	419.5	146.1	Aliquamaliquamtempora.	#FA8C78
376.0, 152.8, 6	376.0	152.8	Aliquamaliquamtempora.	#FA8C78
412.5, 135.0, 6	412.5	135.0	Aliquamaliquamtempora.	#FA8C78
431.0, 116.1, 6	431.0	116.1	Aliquamaliquamtempora.	#FA8C78
418.8, 203.6, 6	418.8	203.6	Aliquamaliquamtempora.	#FA8C78
397.0, 104.6, 6	397.0	104.6	Aliquamaliquamtempora.	#FA8C78
401.1, 150.5, 6	401.1	150.5	Aliquamaliquamtempora.	#FA8C78
394.9, 172.8, 6	394.9	172.8	Aliquamaliquamtempora.	#FA8C78
406.3, 115.9, 6	406.3	115.9	Aliquamaliquamtempora.	#FA8C78
438.4, 80.3, 6	438.4	80.3	Aliquamaliquamtempora.	#FA8C78
430.7, 105.0, 6	430.7	105.0	Aliquamaliquamtempora.	#FA8C78
213.5, -149.1, 7	213.5	-149.1	Consecteturamet.	#2458CA
177.7, -143.6, 7	177.7	-143.6	Consecteturamet.	#2458CA
185.6, -124.5, 7	185.6	-124.5	Consecteturamet.	#2458CA
196.2, -140.0, 7	196.2	-140.0	Consecteturamet.	#2458CA
153.5, -142.7, 7	153.5	-142.7	Consecteturamet.	#2458CA
163.6, -163.3, 7	163.6	-163.3	Consecteturamet.	#2458CA
189.7, -148.4, 7	189.7	-148.4	Consecteturamet.	#2458CA
213.7, -132.0, 7	213.7	-132.0	Consecteturamet.	#2458CA
177.9, -130.6, 7	177.9	-130.6	Consecteturamet.	#2458CA
209.3, -144.6, 7	209.3	-144.6	Consecteturamet.	#2458CA
197.7, -155.5, 7	197.7	-155.5	Consecteturamet.	#2458CA
201.2, -148.8, 7	201.2	-148.8	Consecteturamet.	#2458CA
199.0, -120.8, 7	199.0	-120.8	Consecteturamet.	#2458CA
223.6, -140.1, 7	223.6	-140.1	Consecteturamet.	#2458CA
133.9, -142.7, 7	133.9	-142.7	Consecteturamet.	#2458CA
210.5, -134.3, 7	210.5	-134.3	Consecteturamet.	#2458CA
209.6, -163.4, 7	209.6	-163.4	Consecteturamet.	#2458CA
183.7, -135.4, 7	183.7	-135.4	Consecteturamet.	#2458CA
168.1, -154.7, 7	168.1	-154.7	Consecteturamet.	#2458CA
144.1, -97.8, 7	144.1	-97.8	Consecteturamet.	#2458CA
243.3, -150.7, 7	243.3	-150.7	Consecteturamet.	#2458CA
157.8, -142.8, 7	157.8	-142.8	Consecteturamet.	#2458CA
195.5, -156.6, 7	195.5	-156.6	Consecteturamet.	#2458CA
197.9, -114.0, 7	197.9	-114.0	Consecteturamet.	#2458CA
164.6, -144.9, 7	164.6	-144.9	Consecteturamet.	#2458CA
214.2, -142.3, 7	214.2	-142.3	Consecteturamet.	#2458CA
164.3, -127.5, 7	164.3	-127.5	Consecteturamet.	#2458CA
201.6, -134.8, 7	201.6	-134.8	Consecteturamet.	#2458CA
192.1, -117.7, 7	192.1	-117.7	Consecteturamet.	#2458CA
200.6, -160.1, 7	200.6	-160.1	Consecteturamet.	#2458CA
176.2, -145.8, 7	176.2	-145.8	Consecteturamet.	#2458CA
218.6, -142.3, 7	218.6	-142.3	Consecteturamet.	#2458CA
212.4, -99.4, 7	212.4	-99.4	Consecteturamet.	#2458CA
160.7, -98.9, 7	160.7	-98.9	Consecteturamet.	#2458CA
-324.9, 322.3, 8	-324.9	322.3	Sedut.	#5F1058
-277.0, 341.0, 8	-277.0	341.0	Sedut.	#5F1058
-301.1, 262.6, 8	-301.1	262.6	Sedut.	#5F1058
-280.9, 325.7, 8	-280.9	325.7	Sedut.	#5F1058
-331.0, 316.7, 8	-331.0	316.7	Sedut.	#5F1058
-332.3, 387.1, 8	-332.3	387.1	Sedut.	#5F1058
-296.8, 299.6, 8	-296.8	299.6	Sedut.	#5F1058
-304.1, 308.8, 8	-304.1	308.8	Sedut.	#5F1058
-287.2, 286.3, 8	-287.2	286.3	Sedut.	#5F1058
-317.0, 291.3, 8	-317.0	291.3	Sedut.	#5F1058
-251.4, 366.1, 8	-251.4	366.1	Sedut.	#5F1058
-304.5, 292.9, 8	-304.5	292.9	Sedut.	#5F1058
-273.1, 355.7, 8	-273.1	355.7	Sedut.	#5F1058
-279.4, 311.4, 8	-279.4	311.4	Sedut.	#5F1058
-283.1, 292.1, 8	-283.1	292.1	Sedut.	#5F1058
-299.8, 252.8, 8	-299.8	252.8	Sedut.	#5F1058
-316.4, 308.8, 8	-316.4	308.8	Sedut.	#5F1058
-275.7, 297.0, 8	-275.7	297.0	Sedut.	#5F1058
-300.4, 314.6, 8	-300.4	314.6	Sedut.	#5F1058
-291.9, 299.0, 8	-291.9	299.0	Sedut.	#5F1058
-256.1, 279.9, 8	-256.1	279.9	Sedut.	#5F1058
40.4, 381.4, 9	40.4	381.4	Laborenumquamut.	#F6D8CA
40.8, 330.8, 9	40.8	330.8	Laborenumquamut.	#F6D8CA
-0.3, 379.6, 9	-0.3	379.6	Laborenumquamut.	#F6D8CA
-14.2, 350.6, 9	-14.2	350.6	Laborenumquamut.	#F6D8CA
-56.8, 368.8, 9	-56.8	368.8	Laborenumquamut.	#F6D8CA
-43.3, 375.2, 9	-43.3	375.2	Laborenumquamut.	#F6D8CA
-43.4, 363.2, 9	-43.4	363.2	Laborenumquamut.	#F6D8CA
-48.3, 389.8, 9	-48.3	389.8	Laborenumquamut.	#F6D8CA
-45.1, 396.5, 9	-45.1	396.5	Laborenumquamut.	#F6D8CA
-3.2, 366.2, 9	-3.2	366.2	Laborenumquamut.	#F6D8CA
-27.9, 409.6, 9	-27.9	409.6	Laborenumquamut.	#F6D8CA
-3.0, 358.2, 9	-3.0	358.2	Laborenumquamut.	#F6D8CA
-60.2, 386.8, 9	-60.2	386.8	Laborenumquamut.	#F6D8CA
-4.8, 354.0, 9	-4.8	354.0	Laborenumquamut.	#F6D8CA
-12.8, 387.5, 9	-12.8	387.5	Laborenumquamut.	#F6D8CA
-78.0, 393.1, 9	-78.0	393.1	Laborenumquamut.	#F6D8CA
-2.1, 410.2, 9	-2.1	410.2	Laborenumquamut.	#F6D8CA
-35.8, 396.8, 9	-35.8	396.8	Laborenumquamut.	#F6D8CA
-51.8, 385.0, 9	-51.8	385.0	Laborenumquamut.	#F6D8CA
-8.6, 367.4, 9	-8.6	367.4	Laborenumquamut.	#F6D8CA
-17.8, 383.3, 9	-17.8	383.3	Laborenumquamut.	#F6D8CA
48.5, 365.6, 9	48.5	365.6	Laborenumquamut.	#F6D8CA
-6.4, 392.2, 9	-6.4	392.2	Laborenumquamut.	#F6D8CA
-37.2, 403.1, 9	-37.2	403.1	Laborenumquamut.	#F6D8CA
-30.7, 410.9, 9	-30.7	410.9	Laborenumquamut.	#F6D8CA
-34.1, 380.1, 9	-34.1	380.1	Laborenumquamut.	#F6D8CA
4.6, 374.7, 9	4.6	374.7	Laborenumquamut.	#F6D8CA
-16.0, 378.7, 9	-16.0	378.7	Laborenumquamut.	#F6D8CA
-12.2, 372.0, 9	-12.2	372.0	Laborenumquamut.	#F6D8CA
-28.2, 388.6, 9	-28.2	388.6	Laborenumquamut.	#F6D8CA
-145.8, 370.4, 9	-145.8	370.4	Laborenumquamut.	#F6D8CA
-38.4, 399.2, 9	-38.4	399.2	Laborenumquamut.	#F6D8CA
37.8, 346.8, 9	37.8	346.8	Laborenumquamut.	#F6D8CA
43.9, 368.3, 10	43.9	368.3	Laborenon.	#769CFD
90.6, 393.8, 10	90.6	393.8	Laborenon.	#769CFD
64.3, 360.0, 10	64.3	360.0	Laborenon.	#769CFD
40.1, 324.3, 10	40.1	324.3	Laborenon.	#769CFD
94.7, 374.1, 10	94.7	374.1	Laborenon.	#769CFD
72.2, 377.7, 10	72.2	377.7	Laborenon.	#769CFD
88.6, 416.8, 10	88.6	416.8	Laborenon.	#769CFD
64.7, 332.6, 10	64.7	332.6	Laborenon.	#769CFD
39.9, 303.1, 10	39.9	303.1	Laborenon.	#769CFD
21.5, 327.5, 10	21.5	327.5	Laborenon.	#769CFD
65.1, 303.9, 10	65.1	303.9	Laborenon.	#769CFD
66.7, 345.2, 10	66.7	345.2	Laborenon.	#769CFD
86.2, 354.0, 10	86.2	354.0	Laborenon.	#769CFD
18.8, 263.0, 10	18.8	263.0	Laborenon.	#769CFD
84.9, 339.1, 10	84.9	339.1	Laborenon.	#769CFD
59.6, 394.1, 10	59.6	394.1	Laborenon.	#769CFD
32.8, 381.9, 10	32.8	381.9	Laborenon.	#769CFD
56.1, 391.7, 10	56.1	391.7	Laborenon.	#769CFD
107.0, 396.0, 10	107.0	396.0	Laborenon.	#769CFD
18.0, 347.1, 10	18.0	347.1	Laborenon.	#769CFD
54.9, 333.6, 10	54.9	333.6	Laborenon.	#769CFD
50.5, 347.5, 10	50.5	347.5	Laborenon.	#769CFD
40.7, 405.8, 10	40.7	405.8	Laborenon.	#769CFD
80.6, 401.4, 10	80.6	401.4	Laborenon.	#769CFD
66.9, 369.7, 10	66.9	369.7	Laborenon.	#769CFD
37.4, 289.3, 10	37.4	289.3	Laborenon.	#769CFD
29.5, 302.2, 10	29.5	302.2	Laborenon.	#769CFD
70.9, 309.9, 10	70.9	309.9	Laborenon.	#769CFD
44.3, 326.8, 10	44.3	326.8	Laborenon.	#769CFD
81.4, 416.3, 10	81.4	416.3	Laborenon.	#769CFD
79.7, 371.2, 10	79.7	371.2	Laborenon.	#769CFD
49.8, 362.6, 10	49.8	362.6	Laborenon.	#769CFD
85.2, 377.8, 10	85.2	377.8	Laborenon.	#769CFD
92.0, 356.4, 10	92.0	356.4	Laborenon.	#769CFD
57.5, 358.2, 10	57.5	358.2	Laborenon.	#769CFD
110.8, 349.9, 10	110.8	349.9	Laborenon.	#769CFD
59.3, 396.4, 10	59.3	396.4	Laborenon.	#769CFD
7.5, 211.9, 11	7.5	211.9	Quaeratipsumconsectetur.	#12816C
-76.0, 225.6, 11	-76.0	225.6	Quaeratipsumconsectetur.	#12816C
-50.3, 197.3, 11	-50.3	197.3	Quaeratipsumconsectetur.	#12816C
-44.7, 253.2, 11	-44.7	253.2	Quaeratipsumconsectetur.	#12816C
-46.5, 267.4, 11	-46.5	267.4	Quaeratipsumconsectetur.	#12816C
-46.0, 183.5, 11	-46.0	183.5	Quaeratipsumconsectetur.	#12816C
-38.2, 218.5, 11	-38.2	218.5	Quaeratipsumconsectetur.	#12816C
-45.2, 230.1, 11	-45.2	230.1	Quaeratipsumconsectetur.	#12816C
-47.3, 269.2, 11	-47.3	269.2	Quaeratipsumconsectetur.	#12816C
-33.6, 223.6, 11	-33.6	223.6	Quaeratipsumconsectetur.	#12816C
-21.5, 333.0, 11	-21.5	333.0	Quaeratipsumconsectetur.	#12816C
-41.6, 271.1, 11	-41.6	271.1	Quaeratipsumconsectetur.	#12816C
4.0, 241.5, 11	4.0	241.5	Quaeratipsumconsectetur.	#12816C
-14.0, 284.3, 11	-14.0	284.3	Quaeratipsumconsectetur.	#12816C
-44.2, 317.8, 11	-44.2	317.8	Quaeratipsumconsectetur.	#12816C
-18.1, 290.8, 11	-18.1	290.8	Quaeratipsumconsectetur.	#12816C
-41.7, 231.5, 11	-41.7	231.5	Quaeratipsumconsectetur.	#12816C
-0.3, 323.0, 11	-0.3	323.0	Quaeratipsumconsectetur.	#12816C
-21.8, 288.4, 11	-21.8	288.4	Quaeratipsumconsectetur.	#12816C
-41.9, 260.9, 11	-41.9	260.9	Quaeratipsumconsectetur.	#12816C
-46.0, 246.3, 11	-46.0	246.3	Quaeratipsumconsectetur.	#12816C
-35.5, 271.3, 11	-35.5	271.3	Quaeratipsumconsectetur.	#12816C
-22.0, 228.3, 11	-22.0	228.3	Quaeratipsumconsectetur.	#12816C
-51.3, 319.8, 11	-51.3	319.8	Quaeratipsumconsectetur.	#12816C
-61.8, 188.9, 11	-61.8	188.9	Quaeratipsumconsectetur.	#12816C
-41.6, 298.3, 11	-41.6	298.3	Quaeratipsumconsectetur.	#12816C
-25.5, 239.4, 11	-25.5	239.4	Quaeratipsumconsectetur.	#12816C
-13.9, 260.4, 11	-13.9	260.4	Quaeratipsumconsectetur.	#12816C
-32.2, 231.8, 11	-32.2	231.8	Quaeratipsumconsectetur.	#12816C
-30.6, 260.8, 11	-30.6	260.8	Quaeratipsumconsectetur.	#12816C
-81.5, 244.4, 11	-81.5	244.4	Quaeratipsumconsectetur.	#12816C
-46.2, 264.6, 11	-46.2	264.6	Quaeratipsumconsectetur.	#12816C
-28.6, 225.0, 11	-28.6	225.0	Quaeratipsumconsectetur.	#12816C
87.3, -109.0, 12	87.3	-109.0	Etincidunteius.	#CD9176
126.3, -99.8, 12	126.3	-99.8	Etincidunteius.	#CD9176
124.3, -116.4, 12	124.3	-116.4	Etincidunteius.	#CD9176
136.7, -116.7, 12	136.7	-116.7	Etincidunteius.	#CD9176
144.0, -155.4, 12	144.0	-155.4	Etincidunteius.	#CD9176
146.5, -147.9, 12	146.5	-147.9	Etincidunteius.	#CD9176
102.6, -51.8, 12	102.6	-51.8	Etincidunteius.	#CD9176
95.2, -137.3, 12	95.2	-137.3	Etincidunteius.	#CD9176
113.5, -56.6, 12	113.5	-56.6	Etincidunteius.	#CD9176
131.6, -147.5, 12	131.6	-147.5	Etincidunteius.	#CD9176
65.9, -101.3, 12	65.9	-101.3	Etincidunteius.	#CD9176
115.3, -29.1, 12	115.3	-29.1	Etincidunteius.	#CD9176
168.9, -107.5, 12	168.9	-107.5	Etincidunteius.	#CD9176
99.9, -69.4, 12	99.9	-69.4	Etincidunteius.	#CD9176
78.2, -106.5, 12	78.2	-106.5	Etincidunteius.	#CD9176
85.6, -54.2, 12	85.6	-54.2	Etincidunteius.	#CD9176
75.9, -113.0, 12	75.9	-113.0	Etincidunteius.	#CD9176
149.8, -135.7, 12	149.8	-135.7	Etincidunteius.	#CD9176
81.5, -111.6, 12	81.5	-111.6	Etincidunteius.	#CD9176
94.5, -72.0, 12	94.5	-72.0	Etincidunteius.	#CD9176
144.8, -138.8, 12	144.8	-138.8	Etincidunteius.	#CD9176
153.8, -138.3, 12	153.8	-138.3	Etincidunteius.	#CD9176
115.9, -76.0, 12	115.9	-76.0	Etincidunteius.	#CD9176
63.4, -62.4, 12	63.4	-62.4	Etincidunteius.	#CD9176
94.7, -113.4, 12	94.7	-113.4	Etincidunteius.	#CD9176
-30.2, -41.8, 13	-30.2	-41.8	Porrodolorlabore.	#E070A5
-35.3, 19.3, 13	-35.3	19.3	Porrodolorlabore.	#E070A5
14.0, -35.3, 13	14.0	-35.3	Porrodolorlabore.	#E070A5
-2.8, -47.0, 13	-2.8	-47.0	Porrodolorlabore.	#E070A5
4.9, -16.9, 13	4.9	-16.9	Porrodolorlabore.	#E070A5
-25.8, -0.5, 13	-25.8	-0.5	Porrodolorlabore.	#E070A5
-31.2, 29.5, 13	-31.2	29.5	Porrodolorlabore.	#E070A5
-3.5, -24.0, 13	-3.5	-24.0	Porrodolorlabore.	#E070A5
-4.4, -21.9, 13	-4.4	-21.9	Porrodolorlabore.	#E070A5
-22.4, -18.9, 13	-22.4	-18.9	Porrodolorlabore.	#E070A5
-5.1, -67.3, 13	-5.1	-67.3	Porrodolorlabore.	#E070A5
1.2, -43.7, 13	1.2	-43.7	Porrodolorlabore.	#E070A5
-35.9, -11.5, 13	-35.9	-11.5	Porrodolorlabore.	#E070A5
-37.0, -10.9, 13	-37.0	-10.9	Porrodolorlabore.	#E070A5
-4.0, -16.8, 13	-4.0	-16.8	Porrodolorlabore.	#E070A5
-41.1, 8.1, 13	-41.1	8.1	Porrodolorlabore.	#E070A5
17.1, -4.2, 13	17.1	-4.2	Porrodolorlabore.	#E070A5
-9.6, -41.0, 13	-9.6	-41.0	Porrodolorlabore.	#E070A5
1.7, 5.3, 13	1.7	5.3	Porrodolorlabore.	#E070A5
8.0, -13.7, 13	8.0	-13.7	Porrodolorlabore.	#E070A5
-29.6, -27.3, 13	-29.6	-27.3	Porrodolorlabore.	#E070A5
1.1, 14.7, 13	1.1	14.7	Porrodolorlabore.	#E070A5
-30.9, -29.6, 13	-30.9	-29.6	Porrodolorlabore.	#E070A5
18.0, -17.8, 13	18.0	-17.8	Porrodolorlabore.	#E070A5
-23.5, -33.0, 13	-23.5	-33.0	Porrodolorlabore.	#E070A5
-27.2, -72.1, 13	-27.2	-72.1	Porrodolorlabore.	#E070A5
-9.4, 43.9, 13	-9.4	43.9	Porrodolorlabore.	#E070A5
0.5, -64.0, 13	0.5	-64.0	Porrodolorlabore.	#E070A5
-45.6, 23.7, 13	-45.6	23.7	Porrodolorlabore.	#E070A5
218.7, 60.4, 14	218.7	60.4	Numquamamet.	#5D15A7
229.9, 13.1, 14	229.9	13.1	Numquamamet.	#5D15A7
223.3, 59.0, 14	223.3	59.0	Numquamamet.	#5D15A7
220.6, 30.1, 14	220.6	30.1	Numquamamet.	#5D15A7
198.0, 39.3, 14	198.0	39.3	Numquamamet.	#5D15A7
235.2, 64.5, 14	235.2	64.5	Numquamamet.	#5D15A7
224.0, 91.2, 14	224.0	91.2	Numquamamet.	#5D15A7
216.8, 86.1, 14	216.8	86.1	Numquamamet.	#5D15A7
253.4, 35.7, 14	253.4	35.7	Numquamamet.	#5D15A7
195.1, 68.7, 14	195.1	68.7	Numquamamet.	#5D15A7
227.7, 76.1, 14	227.7	76.1	Numquamamet.	#5D15A7
219.4, 67.9, 14	219.4	67.9	Numquamamet.	#5D15A7
186.8, 18.4, 14	186.8	18.4	Numquamamet.	#5D15A7
249.4, 57.4, 14	249.4	57.4	Numquamamet.	#5D15A7
236.1, 97.3, 14	236.1	97.3	Numquamamet.	#5D15A7
204.1, 77.8, 14	204.1	77.8	Numquamamet.	#5D15A7
253.3, 64.8, 14	253.3	64.8	Numquamamet.	#5D15A7
208.7, 72.2, 14	208.7	72.2	Numquamamet.	#5D15A7
228.7, 80.8, 14	228.7	80.8	Numquamamet.	#5D15A7
219.2, 94.4, 14	219.2	94.4	Numquamamet.	#5D15A7
176.5, 61.8, 14	176.5	61.8	Numquamamet.	#5D15A7
197.0, 48.3, 14	197.0	48.3	Numquamamet.	#5D15A7
199.4, 76.4, 14	199.4	76.4	Numquamamet.	#5D15A7
240.9, 2.1, 14	240.9	2.1	Numquamamet.	#5D15A7
201.6, 65.0, 14	201.6	65.0	Numquamamet.	#5D15A7
263.3, 73.2, 14	263.3	73.2	Numquamamet.	#5D15A7
260.3, 14.7, 14	260.3	14.7	Numquamamet.	#5D15A7
230.3, 44.7, 14	230.3	44.7	Numquamamet.	#5D15A7
219.8, 56.8, 14	219.8	56.8	Numquamamet.	#5D15A7
223.8, 68.9, 14	223.8	68.9	Numquamamet.	#5D15A7
183.8, 91.7, 14	183.8	91.7	Numquamamet.	#5D15A7
184.0, 77.2, 14	184.0	77.2	Numquamamet.	#5D15A7
236.4, 14.1, 14	236.4	14.1	Numquamamet.	#5D15A7
-295.7, 272.1, 15	-295.7	272.1	Porromagnamdolor.	#82FA21
-279.2, 307.8, 15	-279.2	307.8	Porromagnamdolor.	#82FA21
-277.1, 231.8, 15	-277.1	231.8	Porromagnamdolor.	#82FA21
-350.0, 253.0, 15	-350.0	253.0	Porromagnamdolor.	#82FA21
-285.1, 316.3, 15	-285.1	316.3	Porromagnamdolor.	#82FA21
-312.9, 313.5, 15	-312.9	313.5	Porromagnamdolor.	#82FA21
-300.6, 317.1, 15	-300.6	317.1	Porromagnamdolor.	#82FA21
-310.5, 313.4, 15	-310.5	313.4	Porromagnamdolor.	#82FA21
-309.8, 283.5, 15	-309.8	283.5	Porromagnamdolor.	#82FA21
-326.8, 303.0, 15	-326.8	303.0	Porromagnamdolor.	#82FA21
-341.2, 250.8, 15	-341.2	250.8	Porromagnamdolor.	#82FA21
-301.9, 308.6, 15	-301.9	308.6	Porromagnamdolor.	#82FA21
-352.6, 265.0, 15	-352.6	265.0	Porromagnamdolor.	#82FA21
-307.7, 281.2, 15	-307.7	281.2	Porromagnamdolor.	#82FA21
-310.8, 278.6, 15	-310.8	278.6	Porromagnamdolor.	#82FA21
-341.8, 263.2, 15	-341.8	263.2	Porromagnamdolor.	#82FA21
-322.3, 281.6, 15	-322.3	281.6	Porromagnamdolor.	#82FA21
-338.7, 281.1, 15	-338.7	281.1	Porromagnamdolor.	#82FA21
-320.8, 288.1, 15	-320.8	288.1	Porromagnamdolor.	#82FA21
-279.9, 294.2, 15	-279.9	294.2	Porromagnamdolor.	#82FA21
-285.4, 302.3, 15	-285.4	302.3	Porromagnamdolor.	#82FA21
-289.3, 298.1, 15	-289.3	298.1	Porromagnamdolor.	#82FA21
-247.2, 325.9, 15	-247.2	325.9	Porromagnamdolor.	#82FA21
-311.2, 310.6, 15	-311.2	310.6	Porromagnamdolor.	#82FA21
-297.9, 260.8, 15	-297.9	260.8	Porromagnamdolor.	#82FA21
-283.7, 298.9, 15	-283.7	298.9	Porromagnamdolor.	#82FA21
-314.9, 325.7, 15	-314.9	325.7	Porromagnamdolor.	#82FA21
-350.1, 311.5, 15	-350.1	311.5	Porromagnamdolor.	#82FA21
-321.8, 305.5, 15	-321.8	305.5	Porromagnamdolor.	#82FA21
-283.3, 246.7, 15	-283.3	246.7	Porromagnamdolor.	#82FA21
-291.4, 303.6, 15	-291.4	303.6	Porromagnamdolor.	#82FA21
-365.2, 321.7, 15	-365.2	321.7	Porromagnamdolor.	#82FA21
-269.1, 282.8, 15	-269.1	282.8	Porromagnamdolor.	#82FA21
-304.8, 331.5, 15	-304.8	331.5	Porromagnamdolor.	#82FA21
-335.4, 261.2, 15	-335.4	261.2	Porromagnamdolor.	#82FA21
-284.6, 333.0, 15	-284.6	333.0	Porromagnamdolor.	#82FA21
-299.0, 253.3, 15	-299.0	253.3	Porromagnamdolor.	#82FA21
-278.3, 325.9, 15	-278.3	325.9	Porromagnamdolor.	#82FA21
-241.2, 292.5, 15	-241.2	292.5	Porromagnamdolor.	#82FA21
-330.8, 305.8, 15	-330.8	305.8	Porromagnamdolor.	#82FA21
-294.0, 329.0, 15	-294.0	329.0	Porromagnamdolor.	#82FA21
-294.5, 334.5, 15	-294.5	334.5	Porromagnamdolor.	#82FA21
-351.7, 227.4, 15	-351.7	227.4	Porromagnamdolor.	#82FA21
-309.9, 269.3, 15	-309.9	269.3	Porromagnamdolor.	#82FA21
-365.6, 288.7, 15	-365.6	288.7	Porromagnamdolor.	#82FA21
-322.7, 324.7, 15	-322.7	324.7	Porromagnamdolor.	#82FA21
-325.6, 250.1, 15	-325.6	250.1	Porromagnamdolor.	#82FA21
-293.6, 292.2, 15	-293.6	292.2	Porromagnamdolor.	#82FA21
466.4, -368.6, 16	466.4	-368.6	Laboreporro.	#44FAC9
358.2, -369.3, 16	358.2	-369.3	Laboreporro.	#44FAC9
389.9, -366.7, 16	389.9	-366.7	Laboreporro.	#44FAC9
400.6, -371.7, 16	400.6	-371.7	Laboreporro.	#44FAC9
394.6, -382.3, 16	394.6	-382.3	Laboreporro.	#44FAC9
437.1, -402.7, 16	437.1	-402.7	Laboreporro.	#44FAC9
452.9, -366.2, 16	452.9	-366.2	Laboreporro.	#44FAC9
445.7, -373.3, 16	445.7	-373.3	Laboreporro.	#44FAC9
392.1, -385.4, 16	392.1	-385.4	Laboreporro.	#44FAC9
449.1, -370.1, 16	449.1	-370.1	Laboreporro.	#44FAC9
386.6, -365.5, 16	386.6	-365.5	Laboreporro.	#44FAC9
456.4, -391.8, 16	456.4	-391.8	Laboreporro.	#44FAC9
399.5, -371.4, 16	399.5	-371.4	Laboreporro.	#44FAC9
417.3, -359.7, 16	417.3	-359.7	Laboreporro.	#44FAC9
448.4, -368.3, 16	448.4	-368.3	Laboreporro.	#44FAC9
375.5, -384.5, 16	375.5	-384.5	Laboreporro.	#44FAC9
401.2, -378.5, 16	401.2	-378.5	Laboreporro.	#44FAC9
415.0, -388.0, 16	415.0	-388.0	Laboreporro.	#44FAC9
355.8, -370.7, 16	355.8	-370.7	Laboreporro.	#44FAC9
394.9, -357.2, 16	394.9	-357.2	Laboreporro.	#44FAC9
405.8, -395.3, 16	405.8	-395.3	Laboreporro.	#44FAC9
385.1, -367.4, 16	385.1	-367.4	Laboreporro.	#44FAC9
444.9, -364.0, 16	444.9	-364.0	Laboreporro.	#44FAC9
392.0, -380.0, 16	392.0	-380.0	Laboreporro.	#44FAC9
422.7, -365.3, 16	422.7	-365.3	Laboreporro.	#44FAC9
384.2, -378.2, 16	384.2	-378.2	Laboreporro.	#44FAC9
394.5, -389.7, 16	394.5	-389.7	Laboreporro.	#44FAC9
405.1, -365.6, 16	405.1	-365.6	Laboreporro.	#44FAC9
431.7, -378.5, 16	431.7	-378.5	Laboreporro.	#44FAC9
421.5, -382.8, 16	421.5	-382.8	Laboreporro.	#44FAC9
417.4, -372.3, 16	417.4	-372.3	Laboreporro.	#44FAC9
412.6, -380.1, 16	412.6	-380.1	Laboreporro.	#44FAC9
421.3, -382.7, 16	421.3	-382.7	Laboreporro.	#44FAC9
410.2, -374.8, 16	410.2	-374.8	Laboreporro.	#44FAC9
438.3, -375.3, 16	438.3	-375.3	Laboreporro.	#44FAC9
411.9, -372.3, 16	411.9	-372.3	Laboreporro.	#44FAC9
417.9, -383.7, 16	417.9	-383.7	Laboreporro.	#44FAC9
425.8, -384.2, 16	425.8	-384.2	Laboreporro.	#44FAC9
450.0, -369.2, 16	450.0	-369.2	Laboreporro.	#44FAC9
414.7, -386.6, 16	414.7	-386.6	Laboreporro.	#44FAC9
420.4, -380.1, 16	420.4	-380.1	Laboreporro.	#44FAC9
391.3, -371.0, 16	391.3	-371.0	Laboreporro.	#44FAC9
417.6, -374.0, 16	417.6	-374.0	Laboreporro.	#44FAC9
416.4, -380.5, 16	416.4	-380.5	Laboreporro.	#44FAC9
416.2, -382.9, 16	416.2	-382.9	Laboreporro.	#44FAC9
-36.8, -295.6, 17	-36.8	-295.6	Aliquamadipiscietincidunt.	#96A056
-54.3, -288.4, 17	-54.3	-288.4	Aliquamadipiscietincidunt.	#96A056
5.2, -224.6, 17	5.2	-224.6	Aliquamadipiscietincidunt.	#96A056
-51.0, -270.2, 17	-51.0	-270.2	Aliquamadipiscietincidunt.	#96A056
2.8, -277.2, 17	2.8	-277.2	Aliquamadipiscietincidunt.	#96A056
-7.9, -277.1, 17	-7.9	-277.1	Aliquamadipiscietincidunt.	#96A056
-7.3, -256.4, 17	-7.3	-256.4	Aliquamadipiscietincidunt.	#96A056
5.0, -241.5, 17	5.0	-241.5	Aliquamadipiscietincidunt.	#96A056
-7.7, -273.5, 17	-7.7	-273.5	Aliquamadipiscietincidunt.	#96A056
-42.2, -251.6, 17	-42.2	-251.6	Aliquamadipiscietincidunt.	#96A056
-11.9, -247.3, 17	-11.9	-247.3	Aliquamadipiscietincidunt.	#96A056
14.9, -293.0, 17	14.9	-293.0	Aliquamadipiscietincidunt.	#96A056
-36.5, -262.6, 17	-36.5	-262.6	Aliquamadipiscietincidunt.	#96A056
1.9, -281.2, 17	1.9	-281.2	Aliquamadipiscietincidunt.	#96A056
10.5, -278.4, 17	10.5	-278.4	Aliquamadipiscietincidunt.	#96A056
38.4, -252.1, 17	38.4	-252.1	Aliquamadipiscietincidunt.	#96A056
-33.0, -256.6, 17	-33.0	-256.6	Aliquamadipiscietincidunt.	#96A056
-42.3, -242.9, 17	-42.3	-242.9	Aliquamadipiscietincidunt.	#96A056
-40.8, -265.7, 17	-40.8	-265.7	Aliquamadipiscietincidunt.	#96A056
-11.1, -282.9, 17	-11.1	-282.9	Aliquamadipiscietincidunt.	#96A056
2.6, -290.8, 17	2.6	-290.8	Aliquamadipiscietincidunt.	#96A056
0.2, -251.1, 17	0.2	-251.1	Aliquamadipiscietincidunt.	#96A056
-8.8, -238.0, 17	-8.8	-238.0	Aliquamadipiscietincidunt.	#96A056
-19.3, -310.6, 17	-19.3	-310.6	Aliquamadipiscietincidunt.	#96A056
-8.3, -268.4, 17	-8.3	-268.4	Aliquamadipiscietincidunt.	#96A056
10.3, -282.8, 17	10.3	-282.8	Aliquamadipiscietincidunt.	#96A056
-11.4, -240.7, 17	-11.4	-240.7	Aliquamadipiscietincidunt.	#96A056
-21.2, -329.1, 17	-21.2	-329.1	Aliquamadipiscietincidunt.	#96A056
490.1, 310.3, 18	490.1	310.3	Quaeratadipiscilabore.	#23061F
461.1, 281.2, 18	461.1	281.2	Quaeratadipiscilabore.	#23061F
464.1, 312.8, 18	464.1	312.8	Quaeratadipiscilabore.	#23061F
423.3, 313.6, 18	423.3	313.6	Quaeratadipiscilabore.	#23061F
429.3, 340.2, 18	429.3	340.2	Quaeratadipiscilabore.	#23061F
453.2, 299.1, 18	453.2	299.1	Quaeratadipiscilabore.	#23061F
476.1, 334.8, 18	476.1	334.8	Quaeratadipiscilabore.	#23061F
464.2, 327.9, 18	464.2	327.9	Quaeratadipiscilabore.	#23061F
418.8, 318.8, 18	418.8	318.8	Quaeratadipiscilabore.	#23061F
472.2, 330.4, 18	472.2	330.4	Quaeratadipiscilabore.	#23061F
471.5, 328.4, 18	471.5	328.4	Quaeratadipiscilabore.	#23061F
425.0, 306.5, 18	425.0	306.5	Quaeratadipiscilabore.	#23061F
439.6, 312.6, 18	439.6	312.6	Quaeratadipiscilabore.	#23061F
463.7, 337.4, 18	463.7	337.4	Quaeratadipiscilabore.	#23061F
438.7, 286.6, 18	438.7	286.6	Quaeratadipiscilabore.	#23061F
421.9, 318.1, 18	421.9	318.1	Quaeratadipiscilabore.	#23061F
435.2, 308.5, 18	435.2	308.5	Quaeratadipiscilabore.	#23061F
482.5, 293.8, 18	482.5	293.8	Quaeratadipiscilabore.	#23061F
443.7, 333.6, 18	443.7	333.6	Quaeratadipiscilabore.	#23061F
462.4, 326.3, 18	462.4	326.3	Quaeratadipiscilabore.	#23061F
457.9, 317.8, 18	457.9	317.8	Quaeratadipiscilabore.	#23061F
428.4, 323.8, 18	428.4	323.8	Quaeratadipiscilabore.	#23061F
-79.9, -445.0, 19	-79.9	-445.0	Temporamodi.	#1F495B
-104.5, -445.5, 19	-104.5	-445.5	Temporamodi.	#1F495B
-133.3, -465.7, 19	-133.3	-465.7	Temporamodi.	#1F495B
-106.2, -432.5, 19	-106.2	-432.5	Temporamodi.	#1F495B
-106.9, -454.8, 19	-106.9	-454.8	Temporamodi.	#1F495B
-50.9, -447.5, 19	-50.9	-447.5	Temporamodi.	#1F495B
-74.4, -459.6, 19	-74.4	-459.6	Temporamodi.	#1F495B
-115.5, -449.6, 19	-115.5	-449.6	Temporamodi.	#1F495B
-125.4, -422.0, 19	-125.4	-422.0	Temporamodi.	#1F495B
-94.8, -449.2, 19	-94.8	-449.2	Temporamodi.	#1F495B
-91.9, -424.5, 19	-91.9	-424.5	Temporamodi.	#1F495B
-86.9, -460.2, 19	-86.9	-460.2	Temporamodi.	#1F495B
-75.0, -452.3, 19	-75.0	-452.3	Temporamodi.	#1F495B
-61.0, -448.9, 19	-61.0	-448.9	Temporamodi.	#1F495B
-81.9, -442.6, 19	-81.9	-442.6	Temporamodi.	#1F495B
-103.9, -470.3, 19	-103.9	-470.3	Temporamodi.	#1F495B
-76.1, -451.1, 19	-76.1	-451.1	Temporamodi.	#1F495B
-111.1, -444.4, 19	-111.1	-444.4	Temporamodi.	#1F495B
-68.6, -438.5, 19	-68.6	-438.5	Temporamodi.	#1F495B
-97.7, -445.6, 19	-97.7	-445.6	Temporamodi.	#1F495B
-84.0, -445.8, 19	-84.0	-445.8	Temporamodi.	#1F495B
-64.0, -421.1, 19	-64.0	-421.1	Temporamodi.	#1F495B
-110.0, -452.6, 19	-110.0	-452.6	Temporamodi.	#1F495B
-96.1, -456.0, 19	-96.1	-456.0	Temporamodi.	#1F495B
-52.3, -456.7, 19	-52.3	-456.7	Temporamodi.	#1F495B
-86.6, -464.9, 19	-86.6	-464.9	Temporamodi.	#1F495B
-94.0, -442.3, 19	-94.0	-442.3	Temporamodi.	#1F495B
